timeStamp,elapsed,label,responseCode,responseMessage,threadName,dataType,success,failureMessage,bytes,sentBytes,grpThreads,allThreads,URL,Latency,IdleTime,Connect
1655168598395,218,Conf#3 Request,200,OK,Conf#3 Users 1-6,text,true,,367,158,124,124,http://localhost:8080/?token=468631578&user=2023828631&conf=3,218,0,1
1655168598397,216,Conf#3 Request,200,OK,Conf#3 Users 1-10,text,true,,367,158,124,124,http://localhost:8080/?token=468631578&user=2023828631&conf=3,216,0,1
1655168598392,223,Conf#3 Request,200,OK,Conf#3 Users 1-4,text,true,,367,158,124,124,http://localhost:8080/?token=468631578&user=2023828631&conf=3,223,0,2
1655168598395,218,Conf#3 Request,200,OK,Conf#3 Users 1-5,text,true,,367,158,124,124,http://localhost:8080/?token=468631578&user=2023828631&conf=3,218,0,1
1655168598392,221,Conf#3 Request,200,OK,Conf#3 Users 1-1,text,true,,367,158,124,124,http://localhost:8080/?token=468631578&user=2023828631&conf=3,221,0,2
1655168598395,218,Conf#3 Request,200,OK,Conf#3 Users 1-7,text,true,,367,158,124,124,http://localhost:8080/?token=468631578&user=2023828631&conf=3,218,0,1
1655168598397,219,Conf#3 Request,200,OK,Conf#3 Users 1-8,text,true,,367,158,124,124,http://localhost:8080/?token=468631578&user=2023828631&conf=3,219,0,1
1655168598392,229,Conf#3 Request,200,OK,Conf#3 Users 1-3,text,true,,367,158,124,124,http://localhost:8080/?token=468631578&user=2023828631&conf=3,229,0,2
1655168598399,223,Conf#3 Request,200,OK,Conf#3 Users 1-12,text,true,,367,158,124,124,http://localhost:8080/?token=468631578&user=2023828631&conf=3,223,0,1
1655168598402,220,Conf#3 Request,200,OK,Conf#3 Users 1-9,text,true,,367,158,124,124,http://localhost:8080/?token=468631578&user=2023828631&conf=3,220,0,0
1655168598399,223,Conf#3 Request,200,OK,Conf#3 Users 1-13,text,true,,367,158,124,124,http://localhost:8080/?token=468631578&user=2023828631&conf=3,223,0,1
1655168598402,222,Conf#3 Request,200,OK,Conf#3 Users 1-2,text,true,,367,158,124,124,http://localhost:8080/?token=468631578&user=2023828631&conf=3,222,0,0
1655168598398,227,Conf#3 Request,200,OK,Conf#3 Users 1-11,text,true,,367,158,124,124,http://localhost:8080/?token=468631578&user=2023828631&conf=3,227,0,0
1655168598403,226,Conf#3 Request,200,OK,Conf#3 Users 1-14,text,true,,367,158,124,124,http://localhost:8080/?token=468631578&user=2023828631&conf=3,226,0,1
1655168598406,223,Conf#3 Request,200,OK,Conf#3 Users 1-17,text,true,,367,158,124,124,http://localhost:8080/?token=468631578&user=2023828631&conf=3,223,0,1
1655168598404,225,Conf#3 Request,200,OK,Conf#3 Users 1-15,text,true,,367,158,124,124,http://localhost:8080/?token=468631578&user=2023828631&conf=3,225,0,1
1655168598404,226,Conf#3 Request,200,OK,Conf#3 Users 1-16,text,true,,367,158,124,124,http://localhost:8080/?token=468631578&user=2023828631&conf=3,226,0,5
1655168598410,221,Conf#3 Request,200,OK,Conf#3 Users 1-18,text,true,,367,158,124,124,http://localhost:8080/?token=468631578&user=2023828631&conf=3,221,0,0
1655168598413,223,Conf#3 Request,200,OK,Conf#3 Users 1-20,text,true,,367,158,124,124,http://localhost:8080/?token=468631578&user=2023828631&conf=3,223,0,0
1655168598413,223,Conf#3 Request,200,OK,Conf#3 Users 1-21,text,true,,367,158,124,124,http://localhost:8080/?token=468631578&user=2023828631&conf=3,223,0,0
1655168598414,243,Conf#3 Request,200,OK,Conf#3 Users 1-19,text,true,,367,158,124,124,http://localhost:8080/?token=468631578&user=2023828631&conf=3,243,0,1
1655168598421,236,Conf#3 Request,200,OK,Conf#3 Users 1-24,text,true,,367,158,124,124,http://localhost:8080/?token=468631578&user=2023828631&conf=3,236,0,1
1655168598421,237,Conf#3 Request,200,OK,Conf#3 Users 1-25,text,true,,367,158,124,124,http://localhost:8080/?token=468631578&user=2023828631&conf=3,237,0,1
1655168598421,239,Conf#3 Request,200,OK,Conf#3 Users 1-23,text,true,,367,158,124,124,http://localhost:8080/?token=468631578&user=2023828631&conf=3,239,0,1
1655168598417,244,Conf#3 Request,200,OK,Conf#3 Users 1-22,text,true,,367,158,124,124,http://localhost:8080/?token=468631578&user=2023828631&conf=3,244,0,0
1655168598424,237,Conf#3 Request,200,OK,Conf#3 Users 1-26,text,true,,367,158,124,124,http://localhost:8080/?token=468631578&user=2023828631&conf=3,237,0,9
1655168598430,238,Conf#3 Request,200,OK,Conf#3 Users 1-31,text,true,,367,158,124,124,http://localhost:8080/?token=468631578&user=2023828631&conf=3,238,0,0
1655168598432,236,Conf#3 Request,200,OK,Conf#3 Users 1-32,text,true,,367,158,124,124,http://localhost:8080/?token=468631578&user=2023828631&conf=3,236,0,0
1655168598429,239,Conf#3 Request,200,OK,Conf#3 Users 1-28,text,true,,367,158,124,124,http://localhost:8080/?token=468631578&user=2023828631&conf=3,239,0,0
1655168598428,240,Conf#3 Request,200,OK,Conf#3 Users 1-27,text,true,,367,158,124,124,http://localhost:8080/?token=468631578&user=2023828631&conf=3,240,0,1
1655168598429,239,Conf#3 Request,200,OK,Conf#3 Users 1-29,text,true,,367,158,124,124,http://localhost:8080/?token=468631578&user=2023828631&conf=3,239,0,0
1655168598430,239,Conf#3 Request,200,OK,Conf#3 Users 1-30,text,true,,367,158,124,124,http://localhost:8080/?token=468631578&user=2023828631&conf=3,239,0,0
1655168598432,240,Conf#3 Request,200,OK,Conf#3 Users 1-33,text,true,,367,158,124,124,http://localhost:8080/?token=468631578&user=2023828631&conf=3,240,0,1
1655168598437,242,Conf#3 Request,200,OK,Conf#3 Users 1-34,text,true,,367,158,124,124,http://localhost:8080/?token=468631578&user=2023828631&conf=3,242,0,1
1655168598439,240,Conf#3 Request,200,OK,Conf#3 Users 1-36,text,true,,367,158,124,124,http://localhost:8080/?token=468631578&user=2023828631&conf=3,240,0,1
1655168598437,243,Conf#3 Request,200,OK,Conf#3 Users 1-35,text,true,,367,158,124,124,http://localhost:8080/?token=468631578&user=2023828631&conf=3,243,0,1
1655168598445,240,Conf#3 Request,200,OK,Conf#3 Users 1-38,text,true,,367,158,124,124,http://localhost:8080/?token=468631578&user=2023828631&conf=3,240,0,1
1655168598441,244,Conf#3 Request,200,OK,Conf#3 Users 1-37,text,true,,367,158,124,124,http://localhost:8080/?token=468631578&user=2023828631&conf=3,244,0,1
1655168598445,242,Conf#3 Request,200,OK,Conf#3 Users 1-39,text,true,,367,158,124,124,http://localhost:8080/?token=468631578&user=2023828631&conf=3,242,0,1
1655168598449,241,Conf#3 Request,200,OK,Conf#3 Users 1-42,text,true,,367,158,124,124,http://localhost:8080/?token=468631578&user=2023828631&conf=3,241,0,1
1655168598449,241,Conf#3 Request,200,OK,Conf#3 Users 1-41,text,true,,367,158,124,124,http://localhost:8080/?token=468631578&user=2023828631&conf=3,241,0,1
1655168598453,243,Conf#3 Request,200,OK,Conf#3 Users 1-40,text,true,,367,158,124,124,http://localhost:8080/?token=468631578&user=2023828631&conf=3,243,0,0
1655168598456,260,Conf#3 Request,200,OK,Conf#3 Users 1-43,text,true,,367,158,124,124,http://localhost:8080/?token=468631578&user=2023828631&conf=3,260,0,1
1655168598457,259,Conf#3 Request,200,OK,Conf#3 Users 1-45,text,true,,367,158,124,124,http://localhost:8080/?token=468631578&user=2023828631&conf=3,259,0,1
1655168598457,259,Conf#3 Request,200,OK,Conf#3 Users 1-44,text,true,,367,158,124,124,http://localhost:8080/?token=468631578&user=2023828631&conf=3,259,0,1
1655168598470,247,Conf#3 Request,200,OK,Conf#3 Users 1-49,text,true,,367,158,124,124,http://localhost:8080/?token=468631578&user=2023828631&conf=3,247,0,2
1655168598461,258,Conf#3 Request,200,OK,Conf#3 Users 1-47,text,true,,367,158,124,124,http://localhost:8080/?token=468631578&user=2023828631&conf=3,258,0,1
1655168598470,250,Conf#3 Request,200,OK,Conf#3 Users 1-51,text,true,,367,158,124,124,http://localhost:8080/?token=468631578&user=2023828631&conf=3,250,0,1
1655168598461,261,Conf#3 Request,200,OK,Conf#3 Users 1-46,text,true,,367,158,124,124,http://localhost:8080/?token=468631578&user=2023828631&conf=3,261,0,1
1655168598472,262,Conf#3 Request,200,OK,Conf#3 Users 1-50,text,true,,367,158,124,124,http://localhost:8080/?token=468631578&user=2023828631&conf=3,262,0,0
1655168598472,272,Conf#3 Request,200,OK,Conf#3 Users 1-48,text,true,,367,158,124,124,http://localhost:8080/?token=468631578&user=2023828631&conf=3,272,0,0
1655168598474,270,Conf#3 Request,200,OK,Conf#3 Users 1-53,text,true,,367,158,124,124,http://localhost:8080/?token=468631578&user=2023828631&conf=3,270,0,1
1655168598474,270,Conf#3 Request,200,OK,Conf#3 Users 1-54,text,true,,367,158,124,124,http://localhost:8080/?token=468631578&user=2023828631&conf=3,270,0,1
1655168598478,266,Conf#3 Request,200,OK,Conf#3 Users 1-56,text,true,,367,158,124,124,http://localhost:8080/?token=468631578&user=2023828631&conf=3,266,0,0
1655168598475,269,Conf#3 Request,200,OK,Conf#3 Users 1-55,text,true,,367,158,124,124,http://localhost:8080/?token=468631578&user=2023828631&conf=3,269,0,1
1655168598472,272,Conf#3 Request,200,OK,Conf#3 Users 1-52,text,true,,367,158,124,124,http://localhost:8080/?token=468631578&user=2023828631&conf=3,272,0,0
1655168598482,271,Conf#3 Request,200,OK,Conf#3 Users 1-59,text,true,,367,158,124,124,http://localhost:8080/?token=468631578&user=2023828631&conf=3,271,0,0
1655168598479,274,Conf#3 Request,200,OK,Conf#3 Users 1-57,text,true,,367,158,124,124,http://localhost:8080/?token=468631578&user=2023828631&conf=3,274,0,1
1655168598482,272,Conf#3 Request,200,OK,Conf#3 Users 1-60,text,true,,367,158,124,124,http://localhost:8080/?token=468631578&user=2023828631&conf=3,271,0,0
1655168598480,274,Conf#3 Request,200,OK,Conf#3 Users 1-58,text,true,,367,158,124,124,http://localhost:8080/?token=468631578&user=2023828631&conf=3,273,0,0
1655168598484,272,Conf#3 Request,200,OK,Conf#3 Users 1-61,text,true,,367,158,124,124,http://localhost:8080/?token=468631578&user=2023828631&conf=3,272,0,1
1655168598492,266,Conf#3 Request,200,OK,Conf#3 Users 1-62,text,true,,367,158,124,124,http://localhost:8080/?token=468631578&user=2023828631&conf=3,266,0,1
1655168598492,267,Conf#3 Request,200,OK,Conf#3 Users 1-63,text,true,,367,158,124,124,http://localhost:8080/?token=468631578&user=2023828631&conf=3,267,0,1
1655168598493,268,Conf#3 Request,200,OK,Conf#3 Users 1-64,text,true,,367,158,124,124,http://localhost:8080/?token=468631578&user=2023828631&conf=3,268,0,0
1655168598497,264,Conf#3 Request,200,OK,Conf#3 Users 1-65,text,true,,367,158,124,124,http://localhost:8080/?token=468631578&user=2023828631&conf=3,264,0,0
1655168598497,266,Conf#3 Request,200,OK,Conf#3 Users 1-66,text,true,,367,158,124,124,http://localhost:8080/?token=468631578&user=2023828631&conf=3,266,0,0
1655168598498,266,Conf#3 Request,200,OK,Conf#3 Users 1-67,text,true,,367,158,124,124,http://localhost:8080/?token=468631578&user=2023828631&conf=3,266,0,0
1655168598499,267,Conf#3 Request,200,OK,Conf#3 Users 1-68,text,true,,367,158,124,124,http://localhost:8080/?token=468631578&user=2023828631&conf=3,267,0,1
1655168598500,269,Conf#3 Request,200,OK,Conf#3 Users 1-69,text,true,,367,158,124,124,http://localhost:8080/?token=468631578&user=2023828631&conf=3,269,0,1
1655168598502,274,Conf#3 Request,200,OK,Conf#3 Users 1-70,text,true,,367,158,124,124,http://localhost:8080/?token=468631578&user=2023828631&conf=3,274,0,1
1655168598505,276,Conf#3 Request,200,OK,Conf#3 Users 1-73,text,true,,367,158,124,124,http://localhost:8080/?token=468631578&user=2023828631&conf=3,276,0,1
1655168598505,277,Conf#3 Request,200,OK,Conf#3 Users 1-71,text,true,,367,158,124,124,http://localhost:8080/?token=468631578&user=2023828631&conf=3,276,0,0
1655168598505,277,Conf#3 Request,200,OK,Conf#3 Users 1-74,text,true,,367,158,124,124,http://localhost:8080/?token=468631578&user=2023828631&conf=3,277,0,0
1655168598507,279,Conf#3 Request,200,OK,Conf#3 Users 1-76,text,true,,367,158,124,124,http://localhost:8080/?token=468631578&user=2023828631&conf=3,279,0,1
1655168598509,281,Conf#3 Request,200,OK,Conf#3 Users 1-78,text,true,,367,158,124,124,http://localhost:8080/?token=468631578&user=2023828631&conf=3,281,0,1
1655168598505,285,Conf#3 Request,200,OK,Conf#3 Users 1-72,text,true,,367,158,124,124,http://localhost:8080/?token=468631578&user=2023828631&conf=3,285,0,0
1655168598509,281,Conf#3 Request,200,OK,Conf#3 Users 1-77,text,true,,367,158,124,124,http://localhost:8080/?token=468631578&user=2023828631&conf=3,281,0,1
1655168598507,289,Conf#3 Request,200,OK,Conf#3 Users 1-75,text,true,,367,158,124,124,http://localhost:8080/?token=468631578&user=2023828631&conf=3,289,0,1
1655168598513,284,Conf#3 Request,200,OK,Conf#3 Users 1-79,text,true,,367,158,124,124,http://localhost:8080/?token=468631578&user=2023828631&conf=3,283,0,1
1655168598513,284,Conf#3 Request,200,OK,Conf#3 Users 1-80,text,true,,367,158,124,124,http://localhost:8080/?token=468631578&user=2023828631&conf=3,283,0,1
1655168598515,283,Conf#3 Request,200,OK,Conf#3 Users 1-81,text,true,,367,158,124,124,http://localhost:8080/?token=468631578&user=2023828631&conf=3,283,0,0
1655168598515,283,Conf#3 Request,200,OK,Conf#3 Users 1-82,text,true,,367,158,124,124,http://localhost:8080/?token=468631578&user=2023828631&conf=3,283,0,0
1655168598517,290,Conf#3 Request,200,OK,Conf#3 Users 1-83,text,true,,367,158,124,124,http://localhost:8080/?token=468631578&user=2023828631&conf=3,290,0,1
1655168598522,296,Conf#3 Request,200,OK,Conf#3 Users 1-86,text,true,,367,158,124,124,http://localhost:8080/?token=468631578&user=2023828631&conf=3,296,0,1
1655168598519,301,Conf#3 Request,200,OK,Conf#3 Users 1-84,text,true,,367,158,124,124,http://localhost:8080/?token=468631578&user=2023828631&conf=3,301,0,1
1655168598521,299,Conf#3 Request,200,OK,Conf#3 Users 1-85,text,true,,367,158,124,124,http://localhost:8080/?token=468631578&user=2023828631&conf=3,299,0,0
1655168598526,295,Conf#3 Request,200,OK,Conf#3 Users 1-87,text,true,,367,158,124,124,http://localhost:8080/?token=468631578&user=2023828631&conf=3,295,0,0
1655168598536,290,Conf#3 Request,200,OK,Conf#3 Users 1-90,text,true,,367,158,124,124,http://localhost:8080/?token=468631578&user=2023828631&conf=3,290,0,1
1655168598536,293,Conf#3 Request,200,OK,Conf#3 Users 1-88,text,true,,367,158,124,124,http://localhost:8080/?token=468631578&user=2023828631&conf=3,293,0,1
1655168598537,296,Conf#3 Request,200,OK,Conf#3 Users 1-92,text,true,,367,158,124,124,http://localhost:8080/?token=468631578&user=2023828631&conf=3,296,0,1
1655168598539,294,Conf#3 Request,200,OK,Conf#3 Users 1-93,text,true,,367,158,124,124,http://localhost:8080/?token=468631578&user=2023828631&conf=3,294,0,0
1655168598545,301,Conf#3 Request,200,OK,Conf#3 Users 1-95,text,true,,367,158,124,124,http://localhost:8080/?token=468631578&user=2023828631&conf=3,301,0,1
1655168598546,300,Conf#3 Request,200,OK,Conf#3 Users 1-96,text,true,,367,158,124,124,http://localhost:8080/?token=468631578&user=2023828631&conf=3,300,0,1
1655168598542,304,Conf#3 Request,200,OK,Conf#3 Users 1-91,text,true,,367,158,124,124,http://localhost:8080/?token=468631578&user=2023828631&conf=3,304,0,0
1655168598536,310,Conf#3 Request,200,OK,Conf#3 Users 1-89,text,true,,367,158,124,124,http://localhost:8080/?token=468631578&user=2023828631&conf=3,310,0,6
1655168598545,304,Conf#3 Request,200,OK,Conf#3 Users 1-94,text,true,,367,158,124,124,http://localhost:8080/?token=468631578&user=2023828631&conf=3,304,0,1
1655168598547,303,Conf#3 Request,200,OK,Conf#3 Users 1-98,text,true,,367,158,124,124,http://localhost:8080/?token=468631578&user=2023828631&conf=3,303,0,1
1655168598549,306,Conf#3 Request,200,OK,Conf#3 Users 1-99,text,true,,367,158,124,124,http://localhost:8080/?token=468631578&user=2023828631&conf=3,306,0,1
1655168598547,308,Conf#3 Request,200,OK,Conf#3 Users 1-97,text,true,,367,158,124,124,http://localhost:8080/?token=468631578&user=2023828631&conf=3,308,0,3
1655168598551,306,Conf#3 Request,200,OK,Conf#3 Users 1-100,text,true,,367,158,124,124,http://localhost:8080/?token=468631578&user=2023828631&conf=3,306,0,1
1655168598554,306,Conf#3 Request,200,OK,Conf#3 Users 1-102,text,true,,367,158,124,124,http://localhost:8080/?token=468631578&user=2023828631&conf=3,306,0,1
1655168598556,308,Conf#3 Request,200,OK,Conf#3 Users 1-101,text,true,,367,158,124,124,http://localhost:8080/?token=468631578&user=2023828631&conf=3,308,0,1
1655168598563,315,Conf#3 Request,200,OK,Conf#3 Users 1-105,text,true,,367,158,124,124,http://localhost:8080/?token=468631578&user=2023828631&conf=3,315,0,0
1655168598566,314,Conf#3 Request,200,OK,Conf#3 Users 1-107,text,true,,367,158,124,124,http://localhost:8080/?token=468631578&user=2023828631&conf=3,314,0,0
1655168598565,319,Conf#3 Request,200,OK,Conf#3 Users 1-106,text,true,,367,158,124,124,http://localhost:8080/?token=468631578&user=2023828631&conf=3,319,0,1
1655168598561,323,Conf#3 Request,200,OK,Conf#3 Users 1-104,text,true,,367,158,124,124,http://localhost:8080/?token=468631578&user=2023828631&conf=3,323,0,1
1655168598566,318,Conf#3 Request,200,OK,Conf#3 Users 1-103,text,true,,367,158,124,124,http://localhost:8080/?token=468631578&user=2023828631&conf=3,318,0,0
1655168598566,321,Conf#3 Request,200,OK,Conf#3 Users 1-108,text,true,,367,158,124,124,http://localhost:8080/?token=468631578&user=2023828631&conf=3,321,0,0
1655168598569,319,Conf#3 Request,200,OK,Conf#3 Users 1-110,text,true,,367,158,124,124,http://localhost:8080/?token=468631578&user=2023828631&conf=3,319,0,1
1655168598569,322,Conf#3 Request,200,OK,Conf#3 Users 1-109,text,true,,367,158,124,124,http://localhost:8080/?token=468631578&user=2023828631&conf=3,322,0,0
1655168598569,325,Conf#3 Request,200,OK,Conf#3 Users 1-111,text,true,,367,158,124,124,http://localhost:8080/?token=468631578&user=2023828631&conf=3,325,0,0
1655168598573,325,Conf#3 Request,200,OK,Conf#3 Users 1-113,text,true,,367,158,124,124,http://localhost:8080/?token=468631578&user=2023828631&conf=3,324,0,1
1655168598573,326,Conf#3 Request,200,OK,Conf#3 Users 1-112,text,true,,367,158,124,124,http://localhost:8080/?token=468631578&user=2023828631&conf=3,325,0,1
1655168598575,326,Conf#3 Request,200,OK,Conf#3 Users 1-116,text,true,,367,158,124,124,http://localhost:8080/?token=468631578&user=2023828631&conf=3,326,0,1
1655168598574,328,Conf#3 Request,200,OK,Conf#3 Users 1-115,text,true,,367,158,124,124,http://localhost:8080/?token=468631578&user=2023828631&conf=3,328,0,2
1655168598577,333,Conf#3 Request,200,OK,Conf#3 Users 1-117,text,true,,367,158,124,124,http://localhost:8080/?token=468631578&user=2023828631&conf=3,333,0,1
1655168598581,340,Conf#3 Request,200,OK,Conf#3 Users 1-119,text,true,,367,158,124,124,http://localhost:8080/?token=468631578&user=2023828631&conf=3,340,0,0
1655168598583,338,Conf#3 Request,200,OK,Conf#3 Users 1-118,text,true,,367,158,124,124,http://localhost:8080/?token=468631578&user=2023828631&conf=3,338,0,1
1655168598580,343,Conf#3 Request,200,OK,Conf#3 Users 1-114,text,true,,367,158,124,124,http://localhost:8080/?token=468631578&user=2023828631&conf=3,343,0,1
1655168598581,343,Conf#3 Request,200,OK,Conf#3 Users 1-121,text,true,,367,158,124,124,http://localhost:8080/?token=468631578&user=2023828631&conf=3,343,0,1
1655168598581,344,Conf#3 Request,200,OK,Conf#3 Users 1-120,text,true,,367,158,124,124,http://localhost:8080/?token=468631578&user=2023828631&conf=3,344,0,1
1655168598584,344,Conf#3 Request,200,OK,Conf#3 Users 1-122,text,true,,367,158,124,124,http://localhost:8080/?token=468631578&user=2023828631&conf=3,344,0,0
1655168598588,343,Conf#3 Request,200,OK,Conf#3 Users 1-124,text,true,,367,158,124,124,http://localhost:8080/?token=468631578&user=2023828631&conf=3,342,0,0
1655168598588,344,Conf#3 Request,200,OK,Conf#3 Users 1-123,text,true,,367,158,124,124,http://localhost:8080/?token=468631578&user=2023828631&conf=3,344,0,0
1655168599891,390,Conf#3 Request,200,OK,Conf#3 Users 1-4,text,true,,367,158,124,124,http://localhost:8080/?token=468631578&user=2023828631&conf=3,390,0,0
1655168599895,386,Conf#3 Request,200,OK,Conf#3 Users 1-6,text,true,,367,158,124,124,http://localhost:8080/?token=468631578&user=2023828631&conf=3,386,0,0
1655168599894,387,Conf#3 Request,200,OK,Conf#3 Users 1-7,text,true,,367,158,124,124,http://localhost:8080/?token=468631578&user=2023828631&conf=3,387,0,0
1655168599891,390,Conf#3 Request,200,OK,Conf#3 Users 1-1,text,true,,367,158,124,124,http://localhost:8080/?token=468631578&user=2023828631&conf=3,390,0,0
1655168599892,389,Conf#3 Request,200,OK,Conf#3 Users 1-3,text,true,,367,158,124,124,http://localhost:8080/?token=468631578&user=2023828631&conf=3,389,0,0
1655168599894,387,Conf#3 Request,200,OK,Conf#3 Users 1-5,text,true,,367,158,124,124,http://localhost:8080/?token=468631578&user=2023828631&conf=3,387,0,0
1655168599896,386,Conf#3 Request,200,OK,Conf#3 Users 1-10,text,true,,367,158,124,124,http://localhost:8080/?token=468631578&user=2023828631&conf=3,386,0,0
1655168599896,386,Conf#3 Request,200,OK,Conf#3 Users 1-8,text,true,,367,158,124,124,http://localhost:8080/?token=468631578&user=2023828631&conf=3,386,0,0
1655168599899,383,Conf#3 Request,200,OK,Conf#3 Users 1-12,text,true,,367,158,124,124,http://localhost:8080/?token=468631578&user=2023828631&conf=3,383,0,0
1655168599900,382,Conf#3 Request,200,OK,Conf#3 Users 1-13,text,true,,367,158,124,124,http://localhost:8080/?token=468631578&user=2023828631&conf=3,382,0,0
1655168599897,385,Conf#3 Request,200,OK,Conf#3 Users 1-11,text,true,,367,158,124,124,http://localhost:8080/?token=468631578&user=2023828631&conf=3,385,0,0
1655168599896,386,Conf#3 Request,200,OK,Conf#3 Users 1-9,text,true,,367,158,124,124,http://localhost:8080/?token=468631578&user=2023828631&conf=3,386,0,0
1655168599902,380,Conf#3 Request,200,OK,Conf#3 Users 1-2,text,true,,367,158,124,124,http://localhost:8080/?token=468631578&user=2023828631&conf=3,380,0,0
1655168599902,380,Conf#3 Request,200,OK,Conf#3 Users 1-14,text,true,,367,158,124,124,http://localhost:8080/?token=468631578&user=2023828631&conf=3,380,0,0
1655168599905,377,Conf#3 Request,200,OK,Conf#3 Users 1-17,text,true,,367,158,124,124,http://localhost:8080/?token=468631578&user=2023828631&conf=3,377,0,0
1655168599903,379,Conf#3 Request,200,OK,Conf#3 Users 1-15,text,true,,367,158,124,124,http://localhost:8080/?token=468631578&user=2023828631&conf=3,379,0,0
1655168599904,378,Conf#3 Request,200,OK,Conf#3 Users 1-16,text,true,,367,158,124,124,http://localhost:8080/?token=468631578&user=2023828631&conf=3,378,0,0
1655168599908,374,Conf#3 Request,200,OK,Conf#3 Users 1-18,text,true,,367,158,124,124,http://localhost:8080/?token=468631578&user=2023828631&conf=3,374,0,0
1655168599912,373,Conf#3 Request,200,OK,Conf#3 Users 1-21,text,true,,367,158,124,124,http://localhost:8080/?token=468631578&user=2023828631&conf=3,373,0,0
1655168599912,375,Conf#3 Request,200,OK,Conf#3 Users 1-20,text,true,,367,158,124,124,http://localhost:8080/?token=468631578&user=2023828631&conf=3,375,0,0
1655168599916,374,Conf#3 Request,200,OK,Conf#3 Users 1-22,text,true,,367,158,124,124,http://localhost:8080/?token=468631578&user=2023828631&conf=3,374,0,0
1655168599914,377,Conf#3 Request,200,OK,Conf#3 Users 1-19,text,true,,367,158,124,124,http://localhost:8080/?token=468631578&user=2023828631&conf=3,377,0,0
1655168599920,377,Conf#3 Request,200,OK,Conf#3 Users 1-25,text,true,,367,158,124,124,http://localhost:8080/?token=468631578&user=2023828631&conf=3,377,0,0
1655168599920,380,Conf#3 Request,200,OK,Conf#3 Users 1-23,text,true,,367,158,124,124,http://localhost:8080/?token=468631578&user=2023828631&conf=3,380,0,0
1655168599921,382,Conf#3 Request,200,OK,Conf#3 Users 1-24,text,true,,367,158,124,124,http://localhost:8080/?token=468631578&user=2023828631&conf=3,382,0,0
1655168599924,386,Conf#3 Request,200,OK,Conf#3 Users 1-26,text,true,,367,158,124,124,http://localhost:8080/?token=468631578&user=2023828631&conf=3,386,0,0
1655168599924,388,Conf#3 Request,200,OK,Conf#3 Users 1-27,text,true,,367,158,124,124,http://localhost:8080/?token=468631578&user=2023828631&conf=3,388,0,0
1655168599925,389,Conf#3 Request,200,OK,Conf#3 Users 1-28,text,true,,367,158,124,124,http://localhost:8080/?token=468631578&user=2023828631&conf=3,389,0,0
1655168599929,389,Conf#3 Request,200,OK,Conf#3 Users 1-29,text,true,,367,158,124,124,http://localhost:8080/?token=468631578&user=2023828631&conf=3,389,0,0
1655168599929,390,Conf#3 Request,200,OK,Conf#3 Users 1-30,text,true,,367,158,124,124,http://localhost:8080/?token=468631578&user=2023828631&conf=3,390,0,0
1655168599930,393,Conf#3 Request,200,OK,Conf#3 Users 1-31,text,true,,367,158,124,124,http://localhost:8080/?token=468631578&user=2023828631&conf=3,393,0,0
1655168599932,392,Conf#3 Request,200,OK,Conf#3 Users 1-32,text,true,,367,158,124,124,http://localhost:8080/?token=468631578&user=2023828631&conf=3,392,0,0
1655168599931,396,Conf#3 Request,200,OK,Conf#3 Users 1-33,text,true,,367,158,124,124,http://localhost:8080/?token=468631578&user=2023828631&conf=3,396,0,0
1655168599936,398,Conf#3 Request,200,OK,Conf#3 Users 1-35,text,true,,367,158,124,124,http://localhost:8080/?token=468631578&user=2023828631&conf=3,398,0,0
1655168599937,401,Conf#3 Request,200,OK,Conf#3 Users 1-34,text,true,,367,158,124,124,http://localhost:8080/?token=468631578&user=2023828631&conf=3,401,0,0
1655168599937,409,Conf#3 Request,200,OK,Conf#3 Users 1-36,text,true,,367,158,124,124,http://localhost:8080/?token=468631578&user=2023828631&conf=3,409,0,0
1655168599940,408,Conf#3 Request,200,OK,Conf#3 Users 1-37,text,true,,367,158,124,124,http://localhost:8080/?token=468631578&user=2023828631&conf=3,408,0,0
1655168599945,407,Conf#3 Request,200,OK,Conf#3 Users 1-39,text,true,,367,158,124,124,http://localhost:8080/?token=468631578&user=2023828631&conf=3,407,0,0
1655168599944,409,Conf#3 Request,200,OK,Conf#3 Users 1-38,text,true,,367,158,124,124,http://localhost:8080/?token=468631578&user=2023828631&conf=3,409,0,0
1655168599949,409,Conf#3 Request,200,OK,Conf#3 Users 1-41,text,true,,367,158,124,124,http://localhost:8080/?token=468631578&user=2023828631&conf=3,409,0,0
1655168599950,411,Conf#3 Request,200,OK,Conf#3 Users 1-42,text,true,,367,158,124,124,http://localhost:8080/?token=468631578&user=2023828631&conf=3,411,0,0
1655168599951,418,Conf#3 Request,200,OK,Conf#3 Users 1-40,text,true,,367,158,124,124,http://localhost:8080/?token=468631578&user=2023828631&conf=3,418,0,0
1655168599956,422,Conf#3 Request,200,OK,Conf#3 Users 1-45,text,true,,367,158,124,124,http://localhost:8080/?token=468631578&user=2023828631&conf=3,422,0,0
1655168599956,422,Conf#3 Request,200,OK,Conf#3 Users 1-44,text,true,,367,158,124,124,http://localhost:8080/?token=468631578&user=2023828631&conf=3,422,0,0
1655168599955,424,Conf#3 Request,200,OK,Conf#3 Users 1-43,text,true,,367,158,124,124,http://localhost:8080/?token=468631578&user=2023828631&conf=3,424,0,0
1655168599960,422,Conf#3 Request,200,OK,Conf#3 Users 1-46,text,true,,367,158,124,124,http://localhost:8080/?token=468631578&user=2023828631&conf=3,422,0,0
1655168599960,425,Conf#3 Request,200,OK,Conf#3 Users 1-47,text,true,,367,158,124,124,http://localhost:8080/?token=468631578&user=2023828631&conf=3,425,0,0
1655168599968,427,Conf#3 Request,200,OK,Conf#3 Users 1-49,text,true,,367,158,124,124,http://localhost:8080/?token=468631578&user=2023828631&conf=3,427,0,0
1655168599968,430,Conf#3 Request,200,OK,Conf#3 Users 1-48,text,true,,367,158,124,124,http://localhost:8080/?token=468631578&user=2023828631&conf=3,430,0,0
1655168599969,431,Conf#3 Request,200,OK,Conf#3 Users 1-50,text,true,,367,158,124,124,http://localhost:8080/?token=468631578&user=2023828631&conf=3,431,0,0
1655168599969,434,Conf#3 Request,200,OK,Conf#3 Users 1-51,text,true,,367,158,124,124,http://localhost:8080/?token=468631578&user=2023828631&conf=3,434,0,0
1655168599971,438,Conf#3 Request,200,OK,Conf#3 Users 1-52,text,true,,367,158,124,124,http://localhost:8080/?token=468631578&user=2023828631&conf=3,438,0,0
1655168599974,438,Conf#3 Request,200,OK,Conf#3 Users 1-53,text,true,,367,158,124,124,http://localhost:8080/?token=468631578&user=2023828631&conf=3,438,0,0
1655168599974,439,Conf#3 Request,200,OK,Conf#3 Users 1-54,text,true,,367,158,124,124,http://localhost:8080/?token=468631578&user=2023828631&conf=3,439,0,0
1655168599974,442,Conf#3 Request,200,OK,Conf#3 Users 1-55,text,true,,367,158,124,124,http://localhost:8080/?token=468631578&user=2023828631&conf=3,442,0,0
1655168599979,448,Conf#3 Request,200,OK,Conf#3 Users 1-57,text,true,,367,158,124,124,http://localhost:8080/?token=468631578&user=2023828631&conf=3,448,0,0
1655168599978,452,Conf#3 Request,200,OK,Conf#3 Users 1-56,text,true,,367,158,124,124,http://localhost:8080/?token=468631578&user=2023828631&conf=3,452,0,0
1655168599979,452,Conf#3 Request,200,OK,Conf#3 Users 1-58,text,true,,367,158,124,124,http://localhost:8080/?token=468631578&user=2023828631&conf=3,452,0,0
1655168599981,456,Conf#3 Request,200,OK,Conf#3 Users 1-60,text,true,,367,158,124,124,http://localhost:8080/?token=468631578&user=2023828631&conf=3,456,0,0
1655168599981,456,Conf#3 Request,200,OK,Conf#3 Users 1-59,text,true,,367,158,124,124,http://localhost:8080/?token=468631578&user=2023828631&conf=3,456,0,0
1655168599983,457,Conf#3 Request,200,OK,Conf#3 Users 1-61,text,true,,367,158,124,124,http://localhost:8080/?token=468631578&user=2023828631&conf=3,457,0,0
1655168599991,465,Conf#3 Request,200,OK,Conf#3 Users 1-63,text,true,,367,158,124,124,http://localhost:8080/?token=468631578&user=2023828631&conf=3,465,0,0
1655168599991,465,Conf#3 Request,200,OK,Conf#3 Users 1-62,text,true,,367,158,124,124,http://localhost:8080/?token=468631578&user=2023828631&conf=3,465,0,0
1655168599992,465,Conf#3 Request,200,OK,Conf#3 Users 1-64,text,true,,367,158,124,124,http://localhost:8080/?token=468631578&user=2023828631&conf=3,465,0,0
1655168599996,471,Conf#3 Request,200,OK,Conf#3 Users 1-66,text,true,,367,158,124,124,http://localhost:8080/?token=468631578&user=2023828631&conf=3,471,0,0
1655168599998,472,Conf#3 Request,200,OK,Conf#3 Users 1-67,text,true,,367,158,124,124,http://localhost:8080/?token=468631578&user=2023828631&conf=3,472,0,0
1655168599995,475,Conf#3 Request,200,OK,Conf#3 Users 1-65,text,true,,367,158,124,124,http://localhost:8080/?token=468631578&user=2023828631&conf=3,475,0,0
1655168599999,475,Conf#3 Request,200,OK,Conf#3 Users 1-68,text,true,,367,158,124,124,http://localhost:8080/?token=468631578&user=2023828631&conf=3,475,0,0
1655168600000,480,Conf#3 Request,200,OK,Conf#3 Users 1-69,text,true,,367,158,124,124,http://localhost:8080/?token=468631578&user=2023828631&conf=3,480,0,0
1655168600001,481,Conf#3 Request,200,OK,Conf#3 Users 1-70,text,true,,367,158,124,124,http://localhost:8080/?token=468631578&user=2023828631&conf=3,481,0,0
1655168600003,481,Conf#3 Request,200,OK,Conf#3 Users 1-73,text,true,,367,158,124,124,http://localhost:8080/?token=468631578&user=2023828631&conf=3,481,0,0
1655168600004,484,Conf#3 Request,200,OK,Conf#3 Users 1-74,text,true,,367,158,124,124,http://localhost:8080/?token=468631578&user=2023828631&conf=3,484,0,0
1655168600004,486,Conf#3 Request,200,OK,Conf#3 Users 1-71,text,true,,367,158,124,124,http://localhost:8080/?token=468631578&user=2023828631&conf=3,486,0,0
1655168600004,491,Conf#3 Request,200,OK,Conf#3 Users 1-72,text,true,,367,158,124,124,http://localhost:8080/?token=468631578&user=2023828631&conf=3,491,0,0
1655168600006,494,Conf#3 Request,200,OK,Conf#3 Users 1-76,text,true,,367,158,124,124,http://localhost:8080/?token=468631578&user=2023828631&conf=3,494,0,0
1655168600008,494,Conf#3 Request,200,OK,Conf#3 Users 1-78,text,true,,367,158,124,124,http://localhost:8080/?token=468631578&user=2023828631&conf=3,494,0,0
1655168600008,497,Conf#3 Request,200,OK,Conf#3 Users 1-77,text,true,,367,158,124,124,http://localhost:8080/?token=468631578&user=2023828631&conf=3,497,0,0
1655168600006,502,Conf#3 Request,200,OK,Conf#3 Users 1-75,text,true,,367,158,124,124,http://localhost:8080/?token=468631578&user=2023828631&conf=3,502,0,0
1655168600012,504,Conf#3 Request,200,OK,Conf#3 Users 1-80,text,true,,367,158,124,124,http://localhost:8080/?token=468631578&user=2023828631&conf=3,504,0,0
1655168600012,506,Conf#3 Request,200,OK,Conf#3 Users 1-81,text,true,,367,158,124,124,http://localhost:8080/?token=468631578&user=2023828631&conf=3,506,0,0
1655168600012,510,Conf#3 Request,200,OK,Conf#3 Users 1-79,text,true,,367,158,124,124,http://localhost:8080/?token=468631578&user=2023828631&conf=3,510,0,0
1655168600015,514,Conf#3 Request,200,OK,Conf#3 Users 1-82,text,true,,367,158,124,124,http://localhost:8080/?token=468631578&user=2023828631&conf=3,514,0,0
1655168600016,513,Conf#3 Request,200,OK,Conf#3 Users 1-83,text,true,,367,158,124,124,http://localhost:8080/?token=468631578&user=2023828631&conf=3,513,0,0
1655168600018,517,Conf#3 Request,200,OK,Conf#3 Users 1-84,text,true,,367,158,124,124,http://localhost:8080/?token=468631578&user=2023828631&conf=3,517,0,0
1655168600020,523,Conf#3 Request,200,OK,Conf#3 Users 1-85,text,true,,367,158,124,124,http://localhost:8080/?token=468631578&user=2023828631&conf=3,523,0,0
1655168600022,523,Conf#3 Request,200,OK,Conf#3 Users 1-86,text,true,,367,158,124,124,http://localhost:8080/?token=468631578&user=2023828631&conf=3,523,0,0
1655168600025,527,Conf#3 Request,200,OK,Conf#3 Users 1-87,text,true,,367,158,124,124,http://localhost:8080/?token=468631578&user=2023828631&conf=3,527,0,0
1655168600028,535,Conf#3 Request,200,OK,Conf#3 Users 1-89,text,true,,367,158,124,124,http://localhost:8080/?token=468631578&user=2023828631&conf=3,535,0,0
1655168600028,537,Conf#3 Request,200,OK,Conf#3 Users 1-88,text,true,,367,158,124,124,http://localhost:8080/?token=468631578&user=2023828631&conf=3,537,0,0
1655168600028,548,Conf#3 Request,200,OK,Conf#3 Users 1-90,text,true,,367,158,124,124,http://localhost:8080/?token=468631578&user=2023828631&conf=3,548,0,0
1655168600037,540,Conf#3 Request,200,OK,Conf#3 Users 1-92,text,true,,367,158,124,124,http://localhost:8080/?token=468631578&user=2023828631&conf=3,540,0,0
1655168600039,547,Conf#3 Request,200,OK,Conf#3 Users 1-93,text,true,,367,158,124,124,http://localhost:8080/?token=468631578&user=2023828631&conf=3,546,0,0
1655168600041,548,Conf#3 Request,200,OK,Conf#3 Users 1-91,text,true,,367,158,124,124,http://localhost:8080/?token=468631578&user=2023828631&conf=3,548,0,0
1655168600044,547,Conf#3 Request,200,OK,Conf#3 Users 1-95,text,true,,367,158,124,124,http://localhost:8080/?token=468631578&user=2023828631&conf=3,547,0,0
1655168600044,552,Conf#3 Request,200,OK,Conf#3 Users 1-94,text,true,,367,158,124,124,http://localhost:8080/?token=468631578&user=2023828631&conf=3,552,0,0
1655168600045,553,Conf#3 Request,200,OK,Conf#3 Users 1-96,text,true,,367,158,124,124,http://localhost:8080/?token=468631578&user=2023828631&conf=3,553,0,0
1655168600046,556,Conf#3 Request,200,OK,Conf#3 Users 1-97,text,true,,367,158,124,124,http://localhost:8080/?token=468631578&user=2023828631&conf=3,555,0,0
1655168600048,557,Conf#3 Request,200,OK,Conf#3 Users 1-98,text,true,,367,158,124,124,http://localhost:8080/?token=468631578&user=2023828631&conf=3,557,0,0
1655168600048,560,Conf#3 Request,200,OK,Conf#3 Users 1-99,text,true,,367,158,124,124,http://localhost:8080/?token=468631578&user=2023828631&conf=3,560,0,0
1655168600052,564,Conf#3 Request,200,OK,Conf#3 Users 1-100,text,true,,367,158,124,124,http://localhost:8080/?token=468631578&user=2023828631&conf=3,564,0,0
1655168600053,568,Conf#3 Request,200,OK,Conf#3 Users 1-102,text,true,,367,158,124,124,http://localhost:8080/?token=468631578&user=2023828631&conf=3,568,0,0
1655168600056,571,Conf#3 Request,200,OK,Conf#3 Users 1-101,text,true,,367,158,124,124,http://localhost:8080/?token=468631578&user=2023828631&conf=3,571,0,0
1655168600062,575,Conf#3 Request,200,OK,Conf#3 Users 1-105,text,true,,367,158,124,124,http://localhost:8080/?token=468631578&user=2023828631&conf=3,575,0,0
1655168600060,581,Conf#3 Request,200,OK,Conf#3 Users 1-103,text,true,,367,158,124,124,http://localhost:8080/?token=468631578&user=2023828631&conf=3,581,0,0
1655168600060,584,Conf#3 Request,200,OK,Conf#3 Users 1-104,text,true,,367,158,124,124,http://localhost:8080/?token=468631578&user=2023828631&conf=3,584,0,0
1655168600064,590,Conf#3 Request,200,OK,Conf#3 Users 1-106,text,true,,367,158,124,124,http://localhost:8080/?token=468631578&user=2023828631&conf=3,590,0,0
1655168600069,586,Conf#3 Request,200,OK,Conf#3 Users 1-110,text,true,,367,158,124,124,http://localhost:8080/?token=468631578&user=2023828631&conf=3,586,0,0
1655168600065,597,Conf#3 Request,200,OK,Conf#3 Users 1-107,text,true,,367,158,124,124,http://localhost:8080/?token=468631578&user=2023828631&conf=3,597,0,0
1655168600069,593,Conf#3 Request,200,OK,Conf#3 Users 1-111,text,true,,367,158,124,124,http://localhost:8080/?token=468631578&user=2023828631&conf=3,593,0,0
1655168600065,605,Conf#3 Request,200,OK,Conf#3 Users 1-108,text,true,,367,158,124,124,http://localhost:8080/?token=468631578&user=2023828631&conf=3,605,0,0
1655168600068,602,Conf#3 Request,200,OK,Conf#3 Users 1-109,text,true,,367,158,124,124,http://localhost:8080/?token=468631578&user=2023828631&conf=3,602,0,0
1655168600072,605,Conf#3 Request,200,OK,Conf#3 Users 1-112,text,true,,367,158,124,124,http://localhost:8080/?token=468631578&user=2023828631&conf=3,604,0,0
1655168600072,609,Conf#3 Request,200,OK,Conf#3 Users 1-113,text,true,,367,158,124,124,http://localhost:8080/?token=468631578&user=2023828631&conf=3,609,0,0
1655168600074,612,Conf#3 Request,200,OK,Conf#3 Users 1-115,text,true,,367,158,124,124,http://localhost:8080/?token=468631578&user=2023828631&conf=3,612,0,0
1655168600074,614,Conf#3 Request,200,OK,Conf#3 Users 1-116,text,true,,367,158,124,124,http://localhost:8080/?token=468631578&user=2023828631&conf=3,614,0,0
1655168600076,619,Conf#3 Request,200,OK,Conf#3 Users 1-117,text,true,,367,158,124,124,http://localhost:8080/?token=468631578&user=2023828631&conf=3,619,0,0
1655168600080,627,Conf#3 Request,200,OK,Conf#3 Users 1-120,text,true,,367,158,124,124,http://localhost:8080/?token=468631578&user=2023828631&conf=3,627,0,0
1655168600078,632,Conf#3 Request,200,OK,Conf#3 Users 1-114,text,true,,367,158,124,124,http://localhost:8080/?token=468631578&user=2023828631&conf=3,632,0,0
1655168600080,636,Conf#3 Request,200,OK,Conf#3 Users 1-121,text,true,,367,158,124,124,http://localhost:8080/?token=468631578&user=2023828631&conf=3,636,0,0
1655168600081,639,Conf#3 Request,200,OK,Conf#3 Users 1-119,text,true,,367,158,124,124,http://localhost:8080/?token=468631578&user=2023828631&conf=3,639,0,0
1655168600083,639,Conf#3 Request,200,OK,Conf#3 Users 1-118,text,true,,367,158,124,124,http://localhost:8080/?token=468631578&user=2023828631&conf=3,639,0,0
1655168600087,640,Conf#3 Request,200,OK,Conf#3 Users 1-124,text,true,,367,158,124,124,http://localhost:8080/?token=468631578&user=2023828631&conf=3,640,0,0
1655168600087,646,Conf#3 Request,200,OK,Conf#3 Users 1-123,text,true,,367,158,124,124,http://localhost:8080/?token=468631578&user=2023828631&conf=3,646,0,0
1655168600082,652,Conf#3 Request,200,OK,Conf#3 Users 1-122,text,true,,367,158,124,124,http://localhost:8080/?token=468631578&user=2023828631&conf=3,652,0,0
1655168601392,732,Conf#3 Request,200,OK,Conf#3 Users 1-4,text,true,,367,158,124,124,http://localhost:8080/?token=468631578&user=2023828631&conf=3,732,0,0
1655168601392,732,Conf#3 Request,200,OK,Conf#3 Users 1-1,text,true,,367,158,124,124,http://localhost:8080/?token=468631578&user=2023828631&conf=3,732,0,0
1655168601395,729,Conf#3 Request,200,OK,Conf#3 Users 1-5,text,true,,367,158,124,124,http://localhost:8080/?token=468631578&user=2023828631&conf=3,729,0,0
1655168601395,729,Conf#3 Request,200,OK,Conf#3 Users 1-7,text,true,,367,158,124,124,http://localhost:8080/?token=468631578&user=2023828631&conf=3,729,0,0
1655168601395,729,Conf#3 Request,200,OK,Conf#3 Users 1-6,text,true,,367,158,124,124,http://localhost:8080/?token=468631578&user=2023828631&conf=3,729,0,0
1655168601396,728,Conf#3 Request,200,OK,Conf#3 Users 1-10,text,true,,367,158,124,124,http://localhost:8080/?token=468631578&user=2023828631&conf=3,728,0,0
1655168601392,732,Conf#3 Request,200,OK,Conf#3 Users 1-3,text,true,,367,158,124,124,http://localhost:8080/?token=468631578&user=2023828631&conf=3,732,0,0
1655168601396,729,Conf#3 Request,200,OK,Conf#3 Users 1-8,text,true,,367,158,124,124,http://localhost:8080/?token=468631578&user=2023828631&conf=3,729,0,0
1655168601396,729,Conf#3 Request,200,OK,Conf#3 Users 1-9,text,true,,367,158,124,124,http://localhost:8080/?token=468631578&user=2023828631&conf=3,729,0,0
1655168601397,729,Conf#3 Request,200,OK,Conf#3 Users 1-11,text,true,,367,158,124,124,http://localhost:8080/?token=468631578&user=2023828631&conf=3,729,0,0
1655168601399,727,Conf#3 Request,200,OK,Conf#3 Users 1-12,text,true,,367,158,124,124,http://localhost:8080/?token=468631578&user=2023828631&conf=3,727,0,0
1655168601399,727,Conf#3 Request,200,OK,Conf#3 Users 1-13,text,true,,367,158,124,124,http://localhost:8080/?token=468631578&user=2023828631&conf=3,727,0,0
1655168601401,726,Conf#3 Request,200,OK,Conf#3 Users 1-2,text,true,,367,158,124,124,http://localhost:8080/?token=468631578&user=2023828631&conf=3,726,0,0
1655168601403,724,Conf#3 Request,200,OK,Conf#3 Users 1-14,text,true,,367,158,124,124,http://localhost:8080/?token=468631578&user=2023828631&conf=3,724,0,0
1655168601403,724,Conf#3 Request,200,OK,Conf#3 Users 1-15,text,true,,367,158,124,124,http://localhost:8080/?token=468631578&user=2023828631&conf=3,724,0,0
1655168601403,724,Conf#3 Request,200,OK,Conf#3 Users 1-16,text,true,,367,158,124,124,http://localhost:8080/?token=468631578&user=2023828631&conf=3,724,0,0
1655168601408,719,Conf#3 Request,200,OK,Conf#3 Users 1-18,text,true,,367,158,124,124,http://localhost:8080/?token=468631578&user=2023828631&conf=3,719,0,0
1655168601405,722,Conf#3 Request,200,OK,Conf#3 Users 1-17,text,true,,367,158,124,124,http://localhost:8080/?token=468631578&user=2023828631&conf=3,722,0,0
1655168601413,726,Conf#3 Request,200,OK,Conf#3 Users 1-21,text,true,,367,158,124,124,http://localhost:8080/?token=468631578&user=2023828631&conf=3,726,0,0
1655168601413,731,Conf#3 Request,200,OK,Conf#3 Users 1-20,text,true,,367,158,124,124,http://localhost:8080/?token=468631578&user=2023828631&conf=3,731,0,0
1655168601416,734,Conf#3 Request,200,OK,Conf#3 Users 1-22,text,true,,367,158,124,124,http://localhost:8080/?token=468631578&user=2023828631&conf=3,734,0,0
1655168601415,737,Conf#3 Request,200,OK,Conf#3 Users 1-19,text,true,,367,158,124,124,http://localhost:8080/?token=468631578&user=2023828631&conf=3,737,0,0
1655168601420,742,Conf#3 Request,200,OK,Conf#3 Users 1-24,text,true,,367,158,124,124,http://localhost:8080/?token=468631578&user=2023828631&conf=3,742,0,0
1655168601421,742,Conf#3 Request,200,OK,Conf#3 Users 1-23,text,true,,367,158,124,124,http://localhost:8080/?token=468631578&user=2023828631&conf=3,742,0,0
1655168601421,752,Conf#3 Request,200,OK,Conf#3 Users 1-25,text,true,,367,158,124,124,http://localhost:8080/?token=468631578&user=2023828631&conf=3,752,0,0
1655168601423,750,Conf#3 Request,200,OK,Conf#3 Users 1-27,text,true,,367,158,124,124,http://localhost:8080/?token=468631578&user=2023828631&conf=3,750,0,0
1655168601423,756,Conf#3 Request,200,OK,Conf#3 Users 1-26,text,true,,367,158,124,124,http://localhost:8080/?token=468631578&user=2023828631&conf=3,756,0,0
1655168601424,760,Conf#3 Request,200,OK,Conf#3 Users 1-28,text,true,,367,158,124,124,http://localhost:8080/?token=468631578&user=2023828631&conf=3,760,0,0
1655168601429,771,Conf#3 Request,200,OK,Conf#3 Users 1-29,text,true,,367,158,124,124,http://localhost:8080/?token=468631578&user=2023828631&conf=3,771,0,0
1655168601430,771,Conf#3 Request,200,OK,Conf#3 Users 1-31,text,true,,367,158,124,124,http://localhost:8080/?token=468631578&user=2023828631&conf=3,771,0,0
1655168601429,778,Conf#3 Request,200,OK,Conf#3 Users 1-30,text,true,,367,158,124,124,http://localhost:8080/?token=468631578&user=2023828631&conf=3,778,0,0
1655168601432,784,Conf#3 Request,200,OK,Conf#3 Users 1-32,text,true,,367,158,124,124,http://localhost:8080/?token=468631578&user=2023828631&conf=3,784,0,0
1655168601432,791,Conf#3 Request,200,OK,Conf#3 Users 1-33,text,true,,367,158,124,124,http://localhost:8080/?token=468631578&user=2023828631&conf=3,790,0,0
1655168601436,787,Conf#3 Request,200,OK,Conf#3 Users 1-34,text,true,,367,158,124,124,http://localhost:8080/?token=468631578&user=2023828631&conf=3,786,0,0
1655168601437,791,Conf#3 Request,200,OK,Conf#3 Users 1-35,text,true,,367,158,124,124,http://localhost:8080/?token=468631578&user=2023828631&conf=3,791,0,0
1655168601437,797,Conf#3 Request,200,OK,Conf#3 Users 1-36,text,true,,367,158,124,124,http://localhost:8080/?token=468631578&user=2023828631&conf=3,797,0,0
1655168601440,802,Conf#3 Request,200,OK,Conf#3 Users 1-37,text,true,,367,158,124,124,http://localhost:8080/?token=468631578&user=2023828631&conf=3,802,0,0
1655168601445,807,Conf#3 Request,200,OK,Conf#3 Users 1-39,text,true,,367,158,124,124,http://localhost:8080/?token=468631578&user=2023828631&conf=3,807,0,0
1655168601445,810,Conf#3 Request,200,OK,Conf#3 Users 1-38,text,true,,367,158,124,124,http://localhost:8080/?token=468631578&user=2023828631&conf=3,810,0,0
1655168601449,815,Conf#3 Request,200,OK,Conf#3 Users 1-41,text,true,,367,158,124,124,http://localhost:8080/?token=468631578&user=2023828631&conf=3,815,0,0
1655168601449,824,Conf#3 Request,200,OK,Conf#3 Users 1-42,text,true,,367,158,124,124,http://localhost:8080/?token=468631578&user=2023828631&conf=3,824,0,0
1655168601452,825,Conf#3 Request,200,OK,Conf#3 Users 1-40,text,true,,367,158,124,124,http://localhost:8080/?token=468631578&user=2023828631&conf=3,825,0,0
1655168601456,829,Conf#3 Request,200,OK,Conf#3 Users 1-43,text,true,,367,158,124,124,http://localhost:8080/?token=468631578&user=2023828631&conf=3,829,0,0
1655168601456,836,Conf#3 Request,200,OK,Conf#3 Users 1-44,text,true,,367,158,124,124,http://localhost:8080/?token=468631578&user=2023828631&conf=3,836,0,0
1655168601456,840,Conf#3 Request,200,OK,Conf#3 Users 1-45,text,true,,367,158,124,124,http://localhost:8080/?token=468631578&user=2023828631&conf=3,840,0,0
1655168601460,844,Conf#3 Request,200,OK,Conf#3 Users 1-47,text,true,,367,158,124,124,http://localhost:8080/?token=468631578&user=2023828631&conf=3,844,0,0
1655168601461,854,Conf#3 Request,200,OK,Conf#3 Users 1-46,text,true,,367,158,124,124,http://localhost:8080/?token=468631578&user=2023828631&conf=3,854,0,0
1655168601468,858,Conf#3 Request,200,OK,Conf#3 Users 1-49,text,true,,367,158,124,124,http://localhost:8080/?token=468631578&user=2023828631&conf=3,858,0,0
1655168601474,866,Conf#3 Request,200,OK,Conf#3 Users 1-54,text,true,,367,158,124,124,http://localhost:8080/?token=468631578&user=2023828631&conf=3,866,0,0
1655168601469,876,Conf#3 Request,200,OK,Conf#3 Users 1-51,text,true,,367,158,124,124,http://localhost:8080/?token=468631578&user=2023828631&conf=3,876,0,0
1655168601471,879,Conf#3 Request,200,OK,Conf#3 Users 1-52,text,true,,367,158,124,124,http://localhost:8080/?token=468631578&user=2023828631&conf=3,879,0,0
1655168601468,887,Conf#3 Request,200,OK,Conf#3 Users 1-50,text,true,,367,158,124,124,http://localhost:8080/?token=468631578&user=2023828631&conf=3,887,0,0
1655168601469,892,Conf#3 Request,200,OK,Conf#3 Users 1-48,text,true,,367,158,124,124,http://localhost:8080/?token=468631578&user=2023828631&conf=3,892,0,0
1655168601473,894,Conf#3 Request,200,OK,Conf#3 Users 1-53,text,true,,367,158,124,124,http://localhost:8080/?token=468631578&user=2023828631&conf=3,894,0,0
1655168601479,896,Conf#3 Request,200,OK,Conf#3 Users 1-57,text,true,,367,158,124,124,http://localhost:8080/?token=468631578&user=2023828631&conf=3,896,0,0
1655168601479,898,Conf#3 Request,200,OK,Conf#3 Users 1-58,text,true,,367,158,124,124,http://localhost:8080/?token=468631578&user=2023828631&conf=3,898,0,0
1655168601477,906,Conf#3 Request,200,OK,Conf#3 Users 1-56,text,true,,367,158,124,124,http://localhost:8080/?token=468631578&user=2023828631&conf=3,906,0,0
1655168601475,913,Conf#3 Request,200,OK,Conf#3 Users 1-55,text,true,,367,158,124,124,http://localhost:8080/?token=468631578&user=2023828631&conf=3,913,0,0
1655168601481,914,Conf#3 Request,200,OK,Conf#3 Users 1-60,text,true,,367,158,124,124,http://localhost:8080/?token=468631578&user=2023828631&conf=3,914,0,0
1655168601481,921,Conf#3 Request,200,OK,Conf#3 Users 1-59,text,true,,367,158,124,124,http://localhost:8080/?token=468631578&user=2023828631&conf=3,921,0,0
1655168601483,927,Conf#3 Request,200,OK,Conf#3 Users 1-61,text,true,,367,158,124,124,http://localhost:8080/?token=468631578&user=2023828631&conf=3,927,0,0
1655168601491,936,Conf#3 Request,200,OK,Conf#3 Users 1-63,text,true,,367,158,124,124,http://localhost:8080/?token=468631578&user=2023828631&conf=3,936,0,0
1655168601495,935,Conf#3 Request,200,OK,Conf#3 Users 1-66,text,true,,367,158,124,124,http://localhost:8080/?token=468631578&user=2023828631&conf=3,935,0,0
1655168601491,948,Conf#3 Request,200,OK,Conf#3 Users 1-62,text,true,,367,158,124,124,http://localhost:8080/?token=468631578&user=2023828631&conf=3,948,0,0
1655168601495,946,Conf#3 Request,200,OK,Conf#3 Users 1-65,text,true,,367,158,124,124,http://localhost:8080/?token=468631578&user=2023828631&conf=3,946,0,0
1655168601492,956,Conf#3 Request,200,OK,Conf#3 Users 1-64,text,true,,367,158,124,124,http://localhost:8080/?token=468631578&user=2023828631&conf=3,956,0,0
1655168601497,959,Conf#3 Request,200,OK,Conf#3 Users 1-67,text,true,,367,158,124,124,http://localhost:8080/?token=468631578&user=2023828631&conf=3,959,0,0
1655168601499,968,Conf#3 Request,200,OK,Conf#3 Users 1-69,text,true,,367,158,124,124,http://localhost:8080/?token=468631578&user=2023828631&conf=3,968,0,0
1655168601498,976,Conf#3 Request,200,OK,Conf#3 Users 1-68,text,true,,367,158,124,124,http://localhost:8080/?token=468631578&user=2023828631&conf=3,976,0,0
1655168601501,978,Conf#3 Request,200,OK,Conf#3 Users 1-70,text,true,,367,158,124,124,http://localhost:8080/?token=468631578&user=2023828631&conf=3,978,0,0
1655168601503,982,Conf#3 Request,200,OK,Conf#3 Users 1-73,text,true,,367,158,124,124,http://localhost:8080/?token=468631578&user=2023828631&conf=3,982,0,0
1655168601504,988,Conf#3 Request,200,OK,Conf#3 Users 1-74,text,true,,367,158,124,124,http://localhost:8080/?token=468631578&user=2023828631&conf=3,988,0,0
1655168601505,992,Conf#3 Request,200,OK,Conf#3 Users 1-72,text,true,,367,158,124,124,http://localhost:8080/?token=468631578&user=2023828631&conf=3,992,0,0
1655168601505,999,Conf#3 Request,200,OK,Conf#3 Users 1-71,text,true,,367,158,124,124,http://localhost:8080/?token=468631578&user=2023828631&conf=3,999,0,0
1655168601506,1005,Conf#3 Request,200,OK,Conf#3 Users 1-76,text,true,,367,158,124,124,http://localhost:8080/?token=468631578&user=2023828631&conf=3,1005,0,0
1655168601507,1012,Conf#3 Request,200,OK,Conf#3 Users 1-75,text,true,,367,158,124,124,http://localhost:8080/?token=468631578&user=2023828631&conf=3,1012,0,0
1655168601509,1020,Conf#3 Request,200,OK,Conf#3 Users 1-78,text,true,,367,158,124,124,http://localhost:8080/?token=468631578&user=2023828631&conf=3,1020,0,0
1655168601508,1027,Conf#3 Request,200,OK,Conf#3 Users 1-77,text,true,,367,158,124,124,http://localhost:8080/?token=468631578&user=2023828631&conf=3,1027,0,0
1655168601512,1030,Conf#3 Request,200,OK,Conf#3 Users 1-81,text,true,,367,158,124,124,http://localhost:8080/?token=468631578&user=2023828631&conf=3,1030,0,0
1655168601512,1036,Conf#3 Request,200,OK,Conf#3 Users 1-80,text,true,,367,158,124,124,http://localhost:8080/?token=468631578&user=2023828631&conf=3,1036,0,0
1655168601512,1046,Conf#3 Request,200,OK,Conf#3 Users 1-79,text,true,,367,158,124,124,http://localhost:8080/?token=468631578&user=2023828631&conf=3,1046,0,0
1655168601514,1050,Conf#3 Request,200,OK,Conf#3 Users 1-82,text,true,,367,158,124,124,http://localhost:8080/?token=468631578&user=2023828631&conf=3,1050,0,0
1655168601517,1055,Conf#3 Request,200,OK,Conf#3 Users 1-83,text,true,,367,158,124,124,http://localhost:8080/?token=468631578&user=2023828631&conf=3,1055,0,0
1655168601519,1061,Conf#3 Request,200,OK,Conf#3 Users 1-84,text,true,,367,158,124,124,http://localhost:8080/?token=468631578&user=2023828631&conf=3,1061,0,0
1655168601521,1070,Conf#3 Request,200,OK,Conf#3 Users 1-85,text,true,,367,158,124,124,http://localhost:8080/?token=468631578&user=2023828631&conf=3,1070,0,0
1655168601522,1078,Conf#3 Request,200,OK,Conf#3 Users 1-86,text,true,,367,158,124,124,http://localhost:8080/?token=468631578&user=2023828631&conf=3,1078,0,0
1655168601526,1082,Conf#3 Request,200,OK,Conf#3 Users 1-87,text,true,,367,158,124,124,http://localhost:8080/?token=468631578&user=2023828631&conf=3,1082,0,0
1655168601528,1094,Conf#3 Request,200,OK,Conf#3 Users 1-88,text,true,,367,158,124,124,http://localhost:8080/?token=468631578&user=2023828631&conf=3,1094,0,0
1655168601528,1095,Conf#3 Request,200,OK,Conf#3 Users 1-89,text,true,,367,158,124,124,http://localhost:8080/?token=468631578&user=2023828631&conf=3,1095,0,0
1655168601528,1103,Conf#3 Request,200,OK,Conf#3 Users 1-90,text,true,,367,158,124,124,http://localhost:8080/?token=468631578&user=2023828631&conf=3,1103,0,0
1655168601538,1111,Conf#3 Request,200,OK,Conf#3 Users 1-92,text,true,,367,158,124,124,http://localhost:8080/?token=468631578&user=2023828631&conf=3,1111,0,0
1655168601538,1118,Conf#3 Request,200,OK,Conf#3 Users 1-93,text,true,,367,158,124,124,http://localhost:8080/?token=468631578&user=2023828631&conf=3,1118,0,0
1655168601541,1122,Conf#3 Request,200,OK,Conf#3 Users 1-91,text,true,,367,158,124,124,http://localhost:8080/?token=468631578&user=2023828631&conf=3,1122,0,0
1655168601544,1130,Conf#3 Request,200,OK,Conf#3 Users 1-94,text,true,,367,158,124,124,http://localhost:8080/?token=468631578&user=2023828631&conf=3,1130,0,0
1655168601544,1139,Conf#3 Request,200,OK,Conf#3 Users 1-95,text,true,,367,158,124,124,http://localhost:8080/?token=468631578&user=2023828631&conf=3,1139,0,0
1655168601546,1144,Conf#3 Request,200,OK,Conf#3 Users 1-96,text,true,,367,158,124,124,http://localhost:8080/?token=468631578&user=2023828631&conf=3,1144,0,0
1655168601546,1150,Conf#3 Request,200,OK,Conf#3 Users 1-97,text,true,,367,158,124,124,http://localhost:8080/?token=468631578&user=2023828631&conf=3,1150,0,0
1655168601547,1157,Conf#3 Request,200,OK,Conf#3 Users 1-98,text,true,,367,158,124,124,http://localhost:8080/?token=468631578&user=2023828631&conf=3,1157,0,0
1655168601553,1166,Conf#3 Request,200,OK,Conf#3 Users 1-102,text,true,,367,158,124,124,http://localhost:8080/?token=468631578&user=2023828631&conf=3,1166,0,0
1655168601549,1177,Conf#3 Request,200,OK,Conf#3 Users 1-99,text,true,,367,158,124,124,http://localhost:8080/?token=468631578&user=2023828631&conf=3,1177,0,0
1655168601551,1184,Conf#3 Request,200,OK,Conf#3 Users 1-100,text,true,,367,158,124,124,http://localhost:8080/?token=468631578&user=2023828631&conf=3,1184,0,0
1655168601555,1186,Conf#3 Request,200,OK,Conf#3 Users 1-101,text,true,,367,158,124,124,http://localhost:8080/?token=468631578&user=2023828631&conf=3,1186,0,0
1655168601560,1199,Conf#3 Request,200,OK,Conf#3 Users 1-104,text,true,,367,158,124,124,http://localhost:8080/?token=468631578&user=2023828631&conf=3,1199,0,0
1655168601560,1204,Conf#3 Request,200,OK,Conf#3 Users 1-103,text,true,,367,158,124,124,http://localhost:8080/?token=468631578&user=2023828631&conf=3,1204,0,0
1655168601562,1208,Conf#3 Request,200,OK,Conf#3 Users 1-105,text,true,,367,158,124,124,http://localhost:8080/?token=468631578&user=2023828631&conf=3,1208,0,0
1655168601566,1216,Conf#3 Request,200,OK,Conf#3 Users 1-107,text,true,,367,158,124,124,http://localhost:8080/?token=468631578&user=2023828631&conf=3,1216,0,0
1655168601564,1225,Conf#3 Request,200,OK,Conf#3 Users 1-106,text,true,,367,158,124,124,http://localhost:8080/?token=468631578&user=2023828631&conf=3,1225,0,0
1655168601565,1232,Conf#3 Request,200,OK,Conf#3 Users 1-108,text,true,,367,158,124,124,http://localhost:8080/?token=468631578&user=2023828631&conf=3,1232,0,0
1655168601568,1239,Conf#3 Request,200,OK,Conf#3 Users 1-110,text,true,,367,158,124,124,http://localhost:8080/?token=468631578&user=2023828631&conf=3,1239,0,0
1655168601568,1246,Conf#3 Request,200,OK,Conf#3 Users 1-109,text,true,,367,158,124,124,http://localhost:8080/?token=468631578&user=2023828631&conf=3,1246,0,0
1655168601569,1255,Conf#3 Request,200,OK,Conf#3 Users 1-111,text,true,,367,158,124,124,http://localhost:8080/?token=468631578&user=2023828631&conf=3,1254,0,0
1655168601572,1266,Conf#3 Request,200,OK,Conf#3 Users 1-112,text,true,,367,158,124,124,http://localhost:8080/?token=468631578&user=2023828631&conf=3,1266,0,0
1655168601572,1270,Conf#3 Request,200,OK,Conf#3 Users 1-113,text,true,,367,158,124,124,http://localhost:8080/?token=468631578&user=2023828631&conf=3,1270,0,0
1655168601573,1279,Conf#3 Request,200,OK,Conf#3 Users 1-115,text,true,,367,158,124,124,http://localhost:8080/?token=468631578&user=2023828631&conf=3,1279,0,0
1655168601574,1287,Conf#3 Request,200,OK,Conf#3 Users 1-116,text,true,,367,158,124,124,http://localhost:8080/?token=468631578&user=2023828631&conf=3,1287,0,0
1655168601576,1294,Conf#3 Request,200,OK,Conf#3 Users 1-117,text,true,,367,158,124,124,http://localhost:8080/?token=468631578&user=2023828631&conf=3,1294,0,0
1655168601580,1305,Conf#3 Request,200,OK,Conf#3 Users 1-119,text,true,,367,158,124,124,http://localhost:8080/?token=468631578&user=2023828631&conf=3,1305,0,0
1655168601580,1312,Conf#3 Request,200,OK,Conf#3 Users 1-121,text,true,,367,158,124,124,http://localhost:8080/?token=468631578&user=2023828631&conf=3,1312,0,0
1655168601578,1322,Conf#3 Request,200,OK,Conf#3 Users 1-114,text,true,,367,158,124,124,http://localhost:8080/?token=468631578&user=2023828631&conf=3,1322,0,0
1655168601580,1330,Conf#3 Request,200,OK,Conf#3 Users 1-120,text,true,,367,158,124,124,http://localhost:8080/?token=468631578&user=2023828631&conf=3,1330,0,0
1655168601583,1335,Conf#3 Request,200,OK,Conf#3 Users 1-122,text,true,,367,158,124,124,http://localhost:8080/?token=468631578&user=2023828631&conf=3,1335,0,0
1655168601583,1346,Conf#3 Request,200,OK,Conf#3 Users 1-118,text,true,,367,158,124,124,http://localhost:8080/?token=468631578&user=2023828631&conf=3,1346,0,0
1655168601587,1357,Conf#3 Request,200,OK,Conf#3 Users 1-124,text,true,,367,158,124,124,http://localhost:8080/?token=468631578&user=2023828631&conf=3,1357,0,0
1655168601588,1364,Conf#3 Request,200,OK,Conf#3 Users 1-123,text,true,,367,158,124,124,http://localhost:8080/?token=468631578&user=2023828631&conf=3,1364,0,0
1655168603087,225,Conf#3 Request,503,Service is unavailable,Conf#3 Users 1-123,text,false,,1453,158,124,124,http://localhost:8080/?token=468631578&user=2023828631&conf=3,225,0,0
1655168602891,1485,Conf#3 Request,200,OK,Conf#3 Users 1-4,text,true,,367,158,123,123,http://localhost:8080/?token=468631578&user=2023828631&conf=3,1485,0,0
1655168602896,1480,Conf#3 Request,200,OK,Conf#3 Users 1-10,text,true,,367,158,123,123,http://localhost:8080/?token=468631578&user=2023828631&conf=3,1480,0,0
1655168602891,1485,Conf#3 Request,200,OK,Conf#3 Users 1-3,text,true,,367,158,123,123,http://localhost:8080/?token=468631578&user=2023828631&conf=3,1485,0,0
1655168602891,1485,Conf#3 Request,200,OK,Conf#3 Users 1-1,text,true,,367,158,123,123,http://localhost:8080/?token=468631578&user=2023828631&conf=3,1485,0,0
1655168602894,1482,Conf#3 Request,200,OK,Conf#3 Users 1-6,text,true,,367,158,123,123,http://localhost:8080/?token=468631578&user=2023828631&conf=3,1482,0,0
1655168602896,1480,Conf#3 Request,200,OK,Conf#3 Users 1-8,text,true,,367,158,123,123,http://localhost:8080/?token=468631578&user=2023828631&conf=3,1480,0,0
1655168602894,1482,Conf#3 Request,200,OK,Conf#3 Users 1-5,text,true,,367,158,123,123,http://localhost:8080/?token=468631578&user=2023828631&conf=3,1482,0,0
1655168602897,1479,Conf#3 Request,200,OK,Conf#3 Users 1-11,text,true,,367,158,123,123,http://localhost:8080/?token=468631578&user=2023828631&conf=3,1479,0,0
1655168602894,1482,Conf#3 Request,200,OK,Conf#3 Users 1-7,text,true,,367,158,123,123,http://localhost:8080/?token=468631578&user=2023828631&conf=3,1482,0,0
1655168602899,1485,Conf#3 Request,200,OK,Conf#3 Users 1-13,text,true,,367,158,117,117,http://localhost:8080/?token=468631578&user=2023828631&conf=3,1485,0,0
1655168602900,1484,Conf#3 Request,200,OK,Conf#3 Users 1-12,text,true,,367,158,117,117,http://localhost:8080/?token=468631578&user=2023828631&conf=3,1484,0,0
1655168602901,1483,Conf#3 Request,200,OK,Conf#3 Users 1-2,text,true,,367,158,117,117,http://localhost:8080/?token=468631578&user=2023828631&conf=3,1483,0,0
1655168602896,1488,Conf#3 Request,200,OK,Conf#3 Users 1-9,text,true,,367,158,116,116,http://localhost:8080/?token=468631578&user=2023828631&conf=3,1488,0,0
1655168602903,1490,Conf#3 Request,200,OK,Conf#3 Users 1-15,text,true,,367,158,110,110,http://localhost:8080/?token=468631578&user=2023828631&conf=3,1490,0,0
1655168602902,1498,Conf#3 Request,200,OK,Conf#3 Users 1-14,text,true,,367,158,109,109,http://localhost:8080/?token=468631578&user=2023828631&conf=3,1498,0,0
1655168602904,1506,Conf#3 Request,200,OK,Conf#3 Users 1-16,text,true,,367,158,108,108,http://localhost:8080/?token=468631578&user=2023828631&conf=3,1506,0,0
1655168602906,1518,Conf#3 Request,200,OK,Conf#3 Users 1-17,text,true,,367,158,107,107,http://localhost:8080/?token=468631578&user=2023828631&conf=3,1518,0,0
1655168602909,1529,Conf#3 Request,200,OK,Conf#3 Users 1-18,text,true,,367,158,106,106,http://localhost:8080/?token=468631578&user=2023828631&conf=3,1528,0,0
1655168602913,1536,Conf#3 Request,200,OK,Conf#3 Users 1-21,text,true,,367,158,105,105,http://localhost:8080/?token=468631578&user=2023828631&conf=3,1536,0,0
1655168602913,1548,Conf#3 Request,200,OK,Conf#3 Users 1-20,text,true,,367,158,104,104,http://localhost:8080/?token=468631578&user=2023828631&conf=3,1548,0,0
1655168602915,1554,Conf#3 Request,200,OK,Conf#3 Users 1-19,text,true,,367,158,103,103,http://localhost:8080/?token=468631578&user=2023828631&conf=3,1554,0,0
1655168602917,1563,Conf#3 Request,200,OK,Conf#3 Users 1-22,text,true,,367,158,102,102,http://localhost:8080/?token=468631578&user=2023828631&conf=3,1563,0,0
1655168602920,1573,Conf#3 Request,200,OK,Conf#3 Users 1-23,text,true,,367,158,101,101,http://localhost:8080/?token=468631578&user=2023828631&conf=3,1573,0,0
1655168602920,1584,Conf#3 Request,200,OK,Conf#3 Users 1-25,text,true,,367,158,100,100,http://localhost:8080/?token=468631578&user=2023828631&conf=3,1584,0,0
1655168602921,1595,Conf#3 Request,200,OK,Conf#3 Users 1-24,text,true,,367,158,99,99,http://localhost:8080/?token=468631578&user=2023828631&conf=3,1595,0,0
1655168602924,1610,Conf#3 Request,200,OK,Conf#3 Users 1-27,text,true,,367,158,98,98,http://localhost:8080/?token=468631578&user=2023828631&conf=3,1610,0,0
1655168602924,1614,Conf#3 Request,200,OK,Conf#3 Users 1-26,text,true,,367,158,97,97,http://localhost:8080/?token=468631578&user=2023828631&conf=3,1614,0,0
1655168602925,1627,Conf#3 Request,200,OK,Conf#3 Users 1-28,text,true,,367,158,96,96,http://localhost:8080/?token=468631578&user=2023828631&conf=3,1627,0,0
1655168602929,1638,Conf#3 Request,200,OK,Conf#3 Users 1-29,text,true,,367,158,95,95,http://localhost:8080/?token=468631578&user=2023828631&conf=3,1638,0,0
1655168602929,1648,Conf#3 Request,200,OK,Conf#3 Users 1-30,text,true,,367,158,94,94,http://localhost:8080/?token=468631578&user=2023828631&conf=3,1648,0,0
1655168602930,1655,Conf#3 Request,200,OK,Conf#3 Users 1-31,text,true,,367,158,93,93,http://localhost:8080/?token=468631578&user=2023828631&conf=3,1655,0,0
1655168602931,1667,Conf#3 Request,200,OK,Conf#3 Users 1-32,text,true,,367,158,92,92,http://localhost:8080/?token=468631578&user=2023828631&conf=3,1667,0,0
1655168602931,1683,Conf#3 Request,200,OK,Conf#3 Users 1-33,text,true,,367,158,91,91,http://localhost:8080/?token=468631578&user=2023828631&conf=3,1683,0,0
1655168602936,1692,Conf#3 Request,200,OK,Conf#3 Users 1-34,text,true,,367,158,90,90,http://localhost:8080/?token=468631578&user=2023828631&conf=3,1692,0,0
1655168602937,1699,Conf#3 Request,200,OK,Conf#3 Users 1-35,text,true,,367,158,89,89,http://localhost:8080/?token=468631578&user=2023828631&conf=3,1699,0,0
1655168602937,1710,Conf#3 Request,200,OK,Conf#3 Users 1-36,text,true,,367,158,88,88,http://localhost:8080/?token=468631578&user=2023828631&conf=3,1710,0,0
1655168602940,1725,Conf#3 Request,200,OK,Conf#3 Users 1-37,text,true,,367,158,87,87,http://localhost:8080/?token=468631578&user=2023828631&conf=3,1725,0,0
1655168602944,1735,Conf#3 Request,200,OK,Conf#3 Users 1-38,text,true,,367,158,86,86,http://localhost:8080/?token=468631578&user=2023828631&conf=3,1735,0,0
1655168602944,1742,Conf#3 Request,200,OK,Conf#3 Users 1-39,text,true,,367,158,85,85,http://localhost:8080/?token=468631578&user=2023828631&conf=3,1742,0,0
1655168602948,1761,Conf#3 Request,200,OK,Conf#3 Users 1-41,text,true,,367,158,84,84,http://localhost:8080/?token=468631578&user=2023828631&conf=3,1761,0,0
1655168602949,1771,Conf#3 Request,200,OK,Conf#3 Users 1-42,text,true,,367,158,83,83,http://localhost:8080/?token=468631578&user=2023828631&conf=3,1771,0,0
1655168602956,1777,Conf#3 Request,200,OK,Conf#3 Users 1-43,text,true,,367,158,82,82,http://localhost:8080/?token=468631578&user=2023828631&conf=3,1777,0,0
1655168602956,1788,Conf#3 Request,200,OK,Conf#3 Users 1-44,text,true,,367,158,81,81,http://localhost:8080/?token=468631578&user=2023828631&conf=3,1788,0,0
1655168602951,1806,Conf#3 Request,200,OK,Conf#3 Users 1-40,text,true,,367,158,80,80,http://localhost:8080/?token=468631578&user=2023828631&conf=3,1806,0,0
1655168602957,1810,Conf#3 Request,200,OK,Conf#3 Users 1-45,text,true,,367,158,79,79,http://localhost:8080/?token=468631578&user=2023828631&conf=3,1810,0,0
1655168602961,1821,Conf#3 Request,200,OK,Conf#3 Users 1-47,text,true,,367,158,78,78,http://localhost:8080/?token=468631578&user=2023828631&conf=3,1821,0,0
1655168602960,1836,Conf#3 Request,200,OK,Conf#3 Users 1-46,text,true,,367,158,77,77,http://localhost:8080/?token=468631578&user=2023828631&conf=3,1836,0,0
1655168602968,1845,Conf#3 Request,200,OK,Conf#3 Users 1-49,text,true,,367,158,76,76,http://localhost:8080/?token=468631578&user=2023828631&conf=3,1845,0,0
1655168602969,1856,Conf#3 Request,200,OK,Conf#3 Users 1-48,text,true,,367,158,75,75,http://localhost:8080/?token=468631578&user=2023828631&conf=3,1856,0,0
1655168602969,1869,Conf#3 Request,200,OK,Conf#3 Users 1-50,text,true,,367,158,74,74,http://localhost:8080/?token=468631578&user=2023828631&conf=3,1869,0,0
1655168602969,1883,Conf#3 Request,200,OK,Conf#3 Users 1-51,text,true,,367,158,73,73,http://localhost:8080/?token=468631578&user=2023828631&conf=3,1883,0,0
1655168602971,1895,Conf#3 Request,200,OK,Conf#3 Users 1-52,text,true,,367,158,72,72,http://localhost:8080/?token=468631578&user=2023828631&conf=3,1895,0,0
1655168602973,1911,Conf#3 Request,200,OK,Conf#3 Users 1-53,text,true,,367,158,71,71,http://localhost:8080/?token=468631578&user=2023828631&conf=3,1911,0,0
1655168602974,1917,Conf#3 Request,200,OK,Conf#3 Users 1-54,text,true,,367,158,70,70,http://localhost:8080/?token=468631578&user=2023828631&conf=3,1917,0,0
1655168602974,1935,Conf#3 Request,200,OK,Conf#3 Users 1-55,text,true,,367,158,69,69,http://localhost:8080/?token=468631578&user=2023828631&conf=3,1935,0,0
1655168602977,1944,Conf#3 Request,200,OK,Conf#3 Users 1-56,text,true,,367,158,68,68,http://localhost:8080/?token=468631578&user=2023828631&conf=3,1944,0,0
1655168602979,1956,Conf#3 Request,200,OK,Conf#3 Users 1-57,text,true,,367,158,67,67,http://localhost:8080/?token=468631578&user=2023828631&conf=3,1956,0,0
1655168602979,1969,Conf#3 Request,200,OK,Conf#3 Users 1-58,text,true,,367,158,66,66,http://localhost:8080/?token=468631578&user=2023828631&conf=3,1969,0,0
1655168602982,1981,Conf#3 Request,200,OK,Conf#3 Users 1-60,text,true,,367,158,65,65,http://localhost:8080/?token=468631578&user=2023828631&conf=3,1981,0,0
1655168602982,1995,Conf#3 Request,200,OK,Conf#3 Users 1-59,text,true,,367,158,64,64,http://localhost:8080/?token=468631578&user=2023828631&conf=3,1995,0,0
1655168602983,2007,Conf#3 Request,200,OK,Conf#3 Users 1-61,text,true,,367,158,63,63,http://localhost:8080/?token=468631578&user=2023828631&conf=3,2007,0,0
1655168602991,2020,Conf#3 Request,200,OK,Conf#3 Users 1-63,text,true,,367,158,62,62,http://localhost:8080/?token=468631578&user=2023828631&conf=3,2020,0,0
1655168602991,2032,Conf#3 Request,200,OK,Conf#3 Users 1-62,text,true,,367,158,61,61,http://localhost:8080/?token=468631578&user=2023828631&conf=3,2032,0,0
1655168602992,2047,Conf#3 Request,200,OK,Conf#3 Users 1-64,text,true,,367,158,60,60,http://localhost:8080/?token=468631578&user=2023828631&conf=3,2047,0,0
1655168602996,2060,Conf#3 Request,200,OK,Conf#3 Users 1-66,text,true,,367,158,59,59,http://localhost:8080/?token=468631578&user=2023828631&conf=3,2060,0,0
1655168602996,2073,Conf#3 Request,200,OK,Conf#3 Users 1-65,text,true,,367,158,58,58,http://localhost:8080/?token=468631578&user=2023828631&conf=3,2073,0,0
1655168602997,2093,Conf#3 Request,200,OK,Conf#3 Users 1-67,text,true,,367,158,57,57,http://localhost:8080/?token=468631578&user=2023828631&conf=3,2093,0,0
1655168602999,2100,Conf#3 Request,200,OK,Conf#3 Users 1-69,text,true,,367,158,56,56,http://localhost:8080/?token=468631578&user=2023828631&conf=3,2100,0,0
1655168602998,2115,Conf#3 Request,200,OK,Conf#3 Users 1-68,text,true,,367,158,55,55,http://localhost:8080/?token=468631578&user=2023828631&conf=3,2115,0,0
1655168603001,2129,Conf#3 Request,200,OK,Conf#3 Users 1-70,text,true,,367,158,54,54,http://localhost:8080/?token=468631578&user=2023828631&conf=3,2129,0,0
1655168603004,2140,Conf#3 Request,200,OK,Conf#3 Users 1-73,text,true,,367,158,53,53,http://localhost:8080/?token=468631578&user=2023828631&conf=3,2140,0,0
1655168603004,2155,Conf#3 Request,200,OK,Conf#3 Users 1-74,text,true,,367,158,52,52,http://localhost:8080/?token=468631578&user=2023828631&conf=3,2155,0,0
1655168603004,2169,Conf#3 Request,200,OK,Conf#3 Users 1-71,text,true,,367,158,51,51,http://localhost:8080/?token=468631578&user=2023828631&conf=3,2169,0,0
1655168603004,2188,Conf#3 Request,200,OK,Conf#3 Users 1-72,text,true,,367,158,50,50,http://localhost:8080/?token=468631578&user=2023828631&conf=3,2188,0,0
1655168603006,2203,Conf#3 Request,200,OK,Conf#3 Users 1-76,text,true,,367,158,49,49,http://localhost:8080/?token=468631578&user=2023828631&conf=3,2203,0,0
1655168603006,2216,Conf#3 Request,200,OK,Conf#3 Users 1-75,text,true,,367,158,48,48,http://localhost:8080/?token=468631578&user=2023828631&conf=3,2216,0,0
1655168603008,2226,Conf#3 Request,200,OK,Conf#3 Users 1-77,text,true,,367,158,47,47,http://localhost:8080/?token=468631578&user=2023828631&conf=3,2225,0,0
1655168603009,2240,Conf#3 Request,200,OK,Conf#3 Users 1-78,text,true,,367,158,46,46,http://localhost:8080/?token=468631578&user=2023828631&conf=3,2240,0,0
1655168603012,2258,Conf#3 Request,200,OK,Conf#3 Users 1-81,text,true,,367,158,45,45,http://localhost:8080/?token=468631578&user=2023828631&conf=3,2258,0,0
1655168603012,2273,Conf#3 Request,200,OK,Conf#3 Users 1-80,text,true,,367,158,44,44,http://localhost:8080/?token=468631578&user=2023828631&conf=3,2273,0,0
1655168603013,2287,Conf#3 Request,200,OK,Conf#3 Users 1-79,text,true,,367,158,43,43,http://localhost:8080/?token=468631578&user=2023828631&conf=3,2287,0,0
1655168603014,2301,Conf#3 Request,200,OK,Conf#3 Users 1-82,text,true,,367,158,42,42,http://localhost:8080/?token=468631578&user=2023828631&conf=3,2301,0,0
1655168603017,2321,Conf#3 Request,200,OK,Conf#3 Users 1-83,text,true,,367,158,41,41,http://localhost:8080/?token=468631578&user=2023828631&conf=3,2321,0,0
1655168603019,2328,Conf#3 Request,200,OK,Conf#3 Users 1-84,text,true,,367,158,40,40,http://localhost:8080/?token=468631578&user=2023828631&conf=3,2328,0,0
1655168603020,2345,Conf#3 Request,200,OK,Conf#3 Users 1-85,text,true,,367,158,39,39,http://localhost:8080/?token=468631578&user=2023828631&conf=3,2345,0,0
1655168603022,2360,Conf#3 Request,200,OK,Conf#3 Users 1-86,text,true,,367,158,38,38,http://localhost:8080/?token=468631578&user=2023828631&conf=3,2360,0,0
1655168603025,2376,Conf#3 Request,200,OK,Conf#3 Users 1-87,text,true,,367,158,37,37,http://localhost:8080/?token=468631578&user=2023828631&conf=3,2376,0,0
1655168603028,2398,Conf#3 Request,200,OK,Conf#3 Users 1-88,text,true,,367,158,36,36,http://localhost:8080/?token=468631578&user=2023828631&conf=3,2398,0,0
1655168603028,2412,Conf#3 Request,200,OK,Conf#3 Users 1-89,text,true,,367,158,35,35,http://localhost:8080/?token=468631578&user=2023828631&conf=3,2412,0,0
1655168603029,2425,Conf#3 Request,200,OK,Conf#3 Users 1-90,text,true,,367,158,34,34,http://localhost:8080/?token=468631578&user=2023828631&conf=3,2425,0,0
1655168603037,2440,Conf#3 Request,200,OK,Conf#3 Users 1-92,text,true,,367,158,33,33,http://localhost:8080/?token=468631578&user=2023828631&conf=3,2440,0,0
1655168603038,2455,Conf#3 Request,200,OK,Conf#3 Users 1-93,text,true,,367,158,32,32,http://localhost:8080/?token=468631578&user=2023828631&conf=3,2455,0,0
1655168603041,2473,Conf#3 Request,200,OK,Conf#3 Users 1-91,text,true,,367,158,31,31,http://localhost:8080/?token=468631578&user=2023828631&conf=3,2473,0,0
1655168603044,2486,Conf#3 Request,200,OK,Conf#3 Users 1-95,text,true,,367,158,30,30,http://localhost:8080/?token=468631578&user=2023828631&conf=3,2486,0,0
1655168603045,2501,Conf#3 Request,200,OK,Conf#3 Users 1-96,text,true,,367,158,29,29,http://localhost:8080/?token=468631578&user=2023828631&conf=3,2501,0,0
1655168603044,2521,Conf#3 Request,200,OK,Conf#3 Users 1-94,text,true,,367,158,28,28,http://localhost:8080/?token=468631578&user=2023828631&conf=3,2521,0,0
1655168603047,2534,Conf#3 Request,200,OK,Conf#3 Users 1-97,text,true,,367,158,27,27,http://localhost:8080/?token=468631578&user=2023828631&conf=3,2534,0,0
1655168603048,2552,Conf#3 Request,200,OK,Conf#3 Users 1-98,text,true,,367,158,26,26,http://localhost:8080/?token=468631578&user=2023828631&conf=3,2552,0,0
1655168603049,2572,Conf#3 Request,200,OK,Conf#3 Users 1-99,text,true,,367,158,25,25,http://localhost:8080/?token=468631578&user=2023828631&conf=3,2572,0,0
1655168603053,2585,Conf#3 Request,200,OK,Conf#3 Users 1-102,text,true,,367,158,24,24,http://localhost:8080/?token=468631578&user=2023828631&conf=3,2585,0,0
1655168603051,2605,Conf#3 Request,200,OK,Conf#3 Users 1-100,text,true,,367,158,23,23,http://localhost:8080/?token=468631578&user=2023828631&conf=3,2605,0,0
1655168603055,2622,Conf#3 Request,200,OK,Conf#3 Users 1-101,text,true,,367,158,22,22,http://localhost:8080/?token=468631578&user=2023828631&conf=3,2622,0,0
1655168603060,2636,Conf#3 Request,200,OK,Conf#3 Users 1-104,text,true,,367,158,21,21,http://localhost:8080/?token=468631578&user=2023828631&conf=3,2636,0,0
1655168603060,2654,Conf#3 Request,200,OK,Conf#3 Users 1-103,text,true,,367,158,20,20,http://localhost:8080/?token=468631578&user=2023828631&conf=3,2654,0,0
1655168603062,2671,Conf#3 Request,200,OK,Conf#3 Users 1-105,text,true,,367,158,19,19,http://localhost:8080/?token=468631578&user=2023828631&conf=3,2671,0,0
1655168603064,2691,Conf#3 Request,200,OK,Conf#3 Users 1-106,text,true,,367,158,18,18,http://localhost:8080/?token=468631578&user=2023828631&conf=3,2690,0,0
1655168603065,2706,Conf#3 Request,200,OK,Conf#3 Users 1-108,text,true,,367,158,17,17,http://localhost:8080/?token=468631578&user=2023828631&conf=3,2706,0,0
1655168603065,2727,Conf#3 Request,200,OK,Conf#3 Users 1-107,text,true,,367,158,16,16,http://localhost:8080/?token=468631578&user=2023828631&conf=3,2727,0,0
1655168603068,2745,Conf#3 Request,200,OK,Conf#3 Users 1-110,text,true,,367,158,15,15,http://localhost:8080/?token=468631578&user=2023828631&conf=3,2745,0,0
1655168603068,2763,Conf#3 Request,200,OK,Conf#3 Users 1-109,text,true,,367,158,14,14,http://localhost:8080/?token=468631578&user=2023828631&conf=3,2763,0,0
1655168603069,2780,Conf#3 Request,200,OK,Conf#3 Users 1-111,text,true,,367,158,13,13,http://localhost:8080/?token=468631578&user=2023828631&conf=3,2780,0,0
1655168603072,2796,Conf#3 Request,200,OK,Conf#3 Users 1-112,text,true,,367,158,12,12,http://localhost:8080/?token=468631578&user=2023828631&conf=3,2796,0,0
1655168603073,2815,Conf#3 Request,200,OK,Conf#3 Users 1-113,text,true,,367,158,11,11,http://localhost:8080/?token=468631578&user=2023828631&conf=3,2815,0,0
1655168603074,2835,Conf#3 Request,200,OK,Conf#3 Users 1-116,text,true,,367,158,10,10,http://localhost:8080/?token=468631578&user=2023828631&conf=3,2835,0,0
1655168603073,2854,Conf#3 Request,200,OK,Conf#3 Users 1-115,text,true,,367,158,9,9,http://localhost:8080/?token=468631578&user=2023828631&conf=3,2854,0,0
1655168603076,2869,Conf#3 Request,200,OK,Conf#3 Users 1-117,text,true,,367,158,8,8,http://localhost:8080/?token=468631578&user=2023828631&conf=3,2869,0,0
1655168603080,2890,Conf#3 Request,200,OK,Conf#3 Users 1-119,text,true,,367,158,7,7,http://localhost:8080/?token=468631578&user=2023828631&conf=3,2890,0,0
1655168603078,2910,Conf#3 Request,200,OK,Conf#3 Users 1-114,text,true,,367,158,6,6,http://localhost:8080/?token=468631578&user=2023828631&conf=3,2910,0,0
1655168603080,2930,Conf#3 Request,200,OK,Conf#3 Users 1-121,text,true,,367,158,5,5,http://localhost:8080/?token=468631578&user=2023828631&conf=3,2930,0,0
1655168603080,2947,Conf#3 Request,200,OK,Conf#3 Users 1-120,text,true,,367,158,4,4,http://localhost:8080/?token=468631578&user=2023828631&conf=3,2947,0,0
1655168603082,2969,Conf#3 Request,200,OK,Conf#3 Users 1-118,text,true,,367,158,3,3,http://localhost:8080/?token=468631578&user=2023828631&conf=3,2969,0,0
1655168603082,2987,Conf#3 Request,200,OK,Conf#3 Users 1-122,text,true,,367,158,2,2,http://localhost:8080/?token=468631578&user=2023828631&conf=3,2987,0,0
1655168603087,3005,Conf#3 Request,200,OK,Conf#3 Users 1-124,text,true,,367,158,1,1,http://localhost:8080/?token=468631578&user=2023828631&conf=3,3004,0,0
